seed,system,n_learners,mean_questions,rmse,mae,ece,precision,recall,f1,auroc,auroc_micro,valid_misconception_dims,efficiency_q
42,B4_MIRT,150,30.0,0.7104,0.6443,0.0813,0.1436,1.0,0.2496,0.5,0.5,15,28.2
42,P7_Full_Neuronotes,150,30.0,0.6701,0.5867,0.1079,0.3046,0.454,0.3162,0.6727,0.6682,15,27.27
42,C1_NoPrereq,150,30.0,0.6555,0.5716,0.1097,0.3312,0.3785,0.2931,0.6853,0.6854,15,27.17
42,C2_NoCMatrix,150,30.0,0.6726,0.6058,0.08,0.344,0.3468,0.2997,0.663,0.6624,15,27.97
42,C3_FixedC,150,30.0,0.6686,0.5839,0.1077,0.2721,0.3762,0.2745,0.6956,0.6884,15,27.46
42,C4_NoSMD,150,30.0,0.6938,0.6272,0.0901,0.1436,1.0,0.2496,0.5,0.5,15,28.05
42,C5_NoRouter,150,30.0,0.6511,0.5694,0.1104,0.267,0.4941,0.3061,0.678,0.6738,15,27.21
43,B4_MIRT,150,30.0,0.7556,0.6698,0.097,0.1409,1.0,0.2462,0.5,0.5,15,28.71
43,P7_Full_Neuronotes,150,30.0,0.7051,0.6083,0.1313,0.2733,0.309,0.2312,0.635,0.6277,15,27.94
43,C1_NoPrereq,150,30.0,0.698,0.6008,0.1318,0.3419,0.445,0.2751,0.6228,0.6236,15,27.97
43,C2_NoCMatrix,150,30.0,0.7006,0.6128,0.1041,0.3276,0.3987,0.3045,0.6396,0.6364,15,28.42
43,C3_FixedC,150,30.0,0.697,0.6028,0.1287,0.3201,0.349,0.2723,0.6292,0.6209,15,27.95
43,C4_NoSMD,150,30.0,0.7281,0.6413,0.1111,0.1409,1.0,0.2462,0.5,0.5,15,28.45
43,C5_NoRouter,150,30.0,0.6964,0.5979,0.1335,0.2845,0.3419,0.2667,0.6334,0.6212,15,28.07
44,B4_MIRT,150,30.0,0.7432,0.6702,0.1003,0.1227,1.0,0.2181,0.5,0.5,15,29.0
44,P7_Full_Neuronotes,150,30.0,0.6826,0.5997,0.1296,0.2959,0.3981,0.2745,0.6352,0.6297,15,28.11
44,C1_NoPrereq,150,30.0,0.6773,0.5933,0.1292,0.3255,0.4576,0.3005,0.6589,0.6566,15,28.21
44,C2_NoCMatrix,150,30.0,0.6976,0.627,0.0943,0.2556,0.4002,0.2735,0.6297,0.6261,15,28.41
44,C3_FixedC,150,30.0,0.6798,0.5997,0.1254,0.2751,0.4071,0.2684,0.6444,0.6382,15,28.16
44,C4_NoSMD,150,30.0,0.7194,0.6478,0.1026,0.1227,1.0,0.2181,0.5,0.5,15,28.76
44,C5_NoRouter,150,30.0,0.6789,0.5977,0.1285,0.2175,0.4831,0.2731,0.6545,0.6492,15,28.12
