step,B4_MIRT,P7_Full_Neuronotes,C1_NoPrereq,C2_NoCMatrix,C3_FixedC,C4_NoSMD,C5_NoRouter
1,1.0112621137770805,1.0112621137770805,1.0112621137770805,1.0112621137770805,1.0112621137770805,1.0112621137770805,1.0112621137770805
2,1.010469549359194,1.0115355916139068,1.0096184701683453,1.0111878540556638,1.0119152150277035,1.012586988822431,1.0114195785124422
3,1.0096263799399845,1.0083100777868097,1.0070787137497923,1.0082429615120154,1.008868492105066,1.0104782152081122,1.0081208553805967
4,1.0087555563237773,1.005437619632778,1.004567748739652,1.0052997846718426,1.0058037694871351,1.0088553519966441,1.0052834256016359
5,1.007948942826697,1.0028020151383261,1.0022527332639808,1.0029617562476787,1.0038651734340107,1.0073762130792745,1.0026471244005726
6,1.0073566831337741,1.0006498083546642,1.0002654761152385,1.0011200429419123,1.001610110697814,1.0062104956616849,1.0004666245454026
7,1.006618073657774,0.9981641210009335,0.998275016747253,0.9990257181458454,0.9989191535769743,1.0049326720996015,0.9979652798962096
8,1.0057294966255477,0.996201456155566,0.9965341680607941,0.997084335663553,0.9966964185517073,1.0039059647011295,0.9958159633817494
9,1.0050892933472937,0.9944914372108834,0.994771391767019,0.9953932087741002,0.9949085215862158,1.0026981974452134,0.9939943410476538
10,1.004145504284167,0.9924024475399883,0.9931686299515241,0.9935099028642608,0.9931201526996788,1.0017548010041168,0.9917592232974046
11,1.0031228166228663,0.9902190353109677,0.9915519216187101,0.9917445059978699,0.9912893126786742,1.0006459566319246,0.989692964196821
12,1.002641947653721,0.9886035782852215,0.9899650414556398,0.9900877137001968,0.989512597899195,0.999568208717524,0.9879151236943968
13,1.0020309253711484,0.9867186956932792,0.9884351992609862,0.9883226038436673,0.987958879882425,0.9985313662245036,0.9861943997389453
14,1.001426980714901,0.9851266322391901,0.9872302292038294,0.9867021173136137,0.9863313242340744,0.9973951793422334,0.9845713942597555
15,1.0008001081443902,0.9836441947780823,0.9858383956686233,0.9851798745477386,0.9847554056261678,0.9964301998467616,0.983135664814328
16,1.0000281535667253,0.9822453363762804,0.9847490741105309,0.9836034855627969,0.9832165137796856,0.9954494226481279,0.9815772927427789
17,0.9992444683173333,0.9808030654810678,0.9834660446521664,0.9820214711576402,0.9817241720267444,0.9943748834359541,0.9801898325201074
18,0.9985138152127199,0.979126936027636,0.9823502707459609,0.9806506054699726,0.9802044476246558,0.9934467722185184,0.978843156221883
19,0.9977252368686588,0.9777584408417198,0.980966827716057,0.9793386754637553,0.9788423644114251,0.9924852897105698,0.9775481407277286
20,0.9967526645373145,0.9766810015178351,0.9797105315293121,0.9779264815027763,0.9774996299720241,0.9915207448526132,0.9762809681684098
21,0.9957040948317623,0.9753919360213414,0.978553104244423,0.9767810676750035,0.976252592593406,0.9908531134152058,0.975152763997332
22,0.9946603857064016,0.9741041673238303,0.9774125148905675,0.9755111005105247,0.9747781608987839,0.9899286572828072,0.973896306260522
23,0.9937291056155296,0.9730998874075972,0.9762257245869002,0.9742172025906575,0.9736082888466205,0.9890754983172538,0.9725449354622121
24,0.9928708930455354,0.9719280007782296,0.9752169634121544,0.973080304383235,0.9722891667603413,0.9882564222131603,0.9714055039479144
25,0.9918063193710517,0.9707291697724029,0.9739960607948526,0.9719346960015078,0.9710494197255474,0.9874451633121442,0.9701863781972203
26,0.9910679154603398,0.9694561233644614,0.972929360545097,0.9707213019549343,0.9698941424555574,0.9867524520591796,0.9689072588165141
27,0.9900219109994178,0.9682856605715862,0.9717449232895763,0.9693822480148988,0.9686983464699497,0.9859407592333097,0.9675736890778596
28,0.9891523130579303,0.9671924943653966,0.9708978574158732,0.9684162192608615,0.9676653525287088,0.9850779446223079,0.9664017640785081
29,0.988321982144699,0.966129612577975,0.9699064810457685,0.9671591598116348,0.9666583138953418,0.9843906495776756,0.9654216682878295
30,0.9876677963197619,0.9648912438679711,0.9688802986115058,0.9659419894237457,0.9654916463637186,0.9834654937338365,0.9644168591433276
31,0.9869720337090807,0.9637331018804934,0.9677765252954063,0.9648754450927224,0.964297572356946,0.9827654875691201,0.9632753330882664
32,0.9862067383487247,0.9625084227644047,0.966780798303563,0.9637556106218921,0.9633834231246096,0.9819818774193336,0.9623303443724524
33,0.9854757423015038,0.9612909086253895,0.9658944467897448,0.9628034422501228,0.9623069837965591,0.9815074295617338,0.9609719056969493
34,0.9845855683540363,0.9600832900576156,0.964941966814049,0.9617140052010472,0.9612805163323228,0.9807262556097074,0.9598682760478736
35,0.9836692746429198,0.9587750961958723,0.9640767009031784,0.9606419386313674,0.960160103521597,0.9800111842604444,0.9586256062052992
36,0.9828331729706209,0.9575605113493627,0.9631219973156595,0.959648701041199,0.9592927718198613,0.9792724917230475,0.957576223692384
37,0.9820399112693582,0.9566146345066875,0.9619887582421623,0.9586417945918965,0.9583652000987416,0.9785309537678232,0.956436287548804
38,0.9812472124099891,0.9556124313001078,0.9610391522930217,0.9575604697679206,0.957347256422837,0.9779640622288135,0.9554302040811997
39,0.9805641439307436,0.9548035139370217,0.9601306770435326,0.9567449120796618,0.9563365802808244,0.977431052662254,0.9545339428263103
40,0.9800659512151507,0.9537494569168958,0.9591245739036522,0.9558907887916761,0.9553392099134022,0.9768190477890019,0.9535226967904097
41,0.9792451903298157,0.952730472936567,0.9583373704473398,0.9551765565777964,0.954320776331906,0.9762646127973441,0.9527644188319285
42,0.9785750931114471,0.9519097247030879,0.9574339679510915,0.9543544727515075,0.9534728541608145,0.9757357464293916,0.9520768269134313
43,0.9779459113612188,0.9508990912206727,0.9565235564226212,0.95343490176882,0.9523265801935459,0.9751572852631852,0.9512058304077705
44,0.9772815758459179,0.9496973331044967,0.9556746782795835,0.9525046088824375,0.9513298747555811,0.9745254672277766,0.9502943863476709
45,0.9765975529565492,0.9487064119066423,0.9549306111772823,0.9516122406676055,0.950417336639094,0.9740609046984042,0.9493550720269913
46,0.9759951972351634,0.947851266342803,0.9540045025205374,0.9505542861011008,0.9494265103382705,0.9735743226371887,0.9483351621569424
47,0.9753314172916085,0.946907043233316,0.9532028201848569,0.9494628726090885,0.9481961906563148,0.9729483656475159,0.9474909630089657
48,0.9746354005388851,0.9458900231039344,0.9523239889827905,0.9484168177651668,0.9471732220642154,0.9722374330592302,0.9466898261559614
49,0.9737209064489639,0.9448162214618484,0.9515105393780289,0.9473644455672483,0.9461163512793485,0.971638228832336,0.9457368706122751
50,0.9729231393829678,0.9438854256125395,0.9506061358854971,0.9464797934042066,0.9449791396480166,0.971090948436082,0.9448538871437624
51,0.9721962552184346,0.9431092921885372,0.9498189559302572,0.945717811026149,0.9440480984774138,0.9704501297306016,0.9439780227162832
52,0.9715579295297216,0.9421775041178276,0.9489254709083682,0.944855052153104,0.9431997535680068,0.9698338938089491,0.943063365787378
53,0.9709063797174641,0.9414415284716593,0.9482234599943172,0.9438607431493647,0.9422699624141835,0.9693241633709707,0.9420906782671447
54,0.9701376380171697,0.9405903365848248,0.9475369466118831,0.9431241964740985,0.9414736699168565,0.9686525921801922,0.9414214408897633
55,0.9693091823288306,0.9397523769046667,0.9469745884040499,0.9421708642251948,0.9405900720602184,0.9680687644350767,0.9404353566563131
56,0.968584138446333,0.9387499395852774,0.9459439007867252,0.9412967912120356,0.9397061380393362,0.9676510376322343,0.9398000436403523
57,0.9679291779669783,0.9379160564735457,0.9451199454431397,0.9405887146859732,0.938904571280018,0.9671207197040154,0.9391418946288752
58,0.967283350521504,0.9371415152564009,0.9442678659555478,0.9398746926567617,0.9383213045638551,0.9665597103076359,0.9384114306678932
59,0.9665230169895481,0.9363141682036966,0.9433575149521685,0.9392455869510256,0.937664604730838,0.9659476582232837,0.9375463117742834
60,0.9657749391572592,0.935594210191966,0.9426150062720182,0.9384537057968688,0.9370566825043943,0.9653739500499681,0.9366508074286783
61,0.965015987300574,0.9350596027606873,0.9419494963157183,0.9377772522138802,0.9363104426751234,0.9648726947893628,0.9359196268817368
62,0.9642535793842281,0.9344294879031202,0.9410276966086519,0.9371711014472661,0.9355244679918512,0.9644430008736786,0.9352381300209042
63,0.9635551392147758,0.9337054823275295,0.9402941404094967,0.936599202170676,0.9349138224019149,0.9638924610474262,0.9344610796826593
64,0.9628612012891604,0.9330921016091166,0.9394326180673115,0.9361943150921886,0.9340854318336189,0.9633128317215331,0.9337946336411733
65,0.9620427121651555,0.9323689117753512,0.9387163298498225,0.9354023781709596,0.9334140896502156,0.9627987523806338,0.9332458798629008
66,0.9612489210543455,0.9316047327472421,0.9378783114479258,0.9347231469553242,0.9328029765301535,0.9624637973807323,0.9325507975566286
67,0.9606513967493038,0.9306083004486088,0.9372115697313818,0.9339621097761217,0.9318738973083072,0.9618917787292218,0.9318793818037848
68,0.9598607420789929,0.9298306717944358,0.9365858136869996,0.93329751155257,0.9309699984516917,0.9612207131995577,0.9310954737170122
69,0.9592697870530549,0.9290982756571393,0.9357870460075673,0.9328183411254901,0.930381011444426,0.9605855653597788,0.9303553612345096
70,0.9584553959740699,0.9285007654423952,0.934984332448045,0.9321272126494035,0.9295781342086201,0.9599554592960431,0.9295842598547404
71,0.9577720035569337,0.9278779591248686,0.9344194955823982,0.9315251283294587,0.9286995203950608,0.9594920843846603,0.9289050044966939
72,0.9570589219925053,0.9273117703644518,0.9337013360676447,0.9309731873098783,0.9280499963290638,0.9590819059187703,0.9282044968416862
73,0.9562178610780976,0.9266123994746882,0.9327110378291805,0.9303851010066251,0.927235048539914,0.9584918128186233,0.9275800092985343
74,0.9555464747148431,0.9259499483888824,0.931726344878895,0.9297917129225639,0.9264600979320596,0.9581018981230841,0.9268961021061409
75,0.9549342546608321,0.9254494172916289,0.931202178638852,0.929011540180777,0.9257374116765584,0.957568959200681,0.9263875201798273
76,0.9541534245790035,0.9248712224608213,0.9304954925258039,0.9283432348465586,0.9249629222714543,0.9570923517491466,0.9257854009319173
77,0.9534358574354065,0.9241525169827967,0.9298309338905502,0.9276799499276062,0.9244547341613076,0.9564635398645358,0.9249750653972009
78,0.9528892777649279,0.9234806915871623,0.9290366076094941,0.9269832396123447,0.9237240934678536,0.9558492706625945,0.9243076343395528
79,0.9521020425412484,0.9227737543198645,0.9282962426776749,0.9262956774849386,0.922969865346109,0.9553270330687049,0.9236984228106081
80,0.9514093768820027,0.9220993945899308,0.9275365035698059,0.9257375759183041,0.9221480480609365,0.9548320094634116,0.9231057289410876
81,0.9506719873239411,0.9216982168192532,0.9270051454568727,0.9249859760740018,0.9213239373930109,0.954431018437509,0.9224889907655033
82,0.9500543767064736,0.9210431630606293,0.9260971736739751,0.9244403887028751,0.9205162786804385,0.9541180970026019,0.9218566577321888
83,0.9494156642984338,0.9203493536736187,0.9253273633319251,0.9238983620247133,0.9199166770761062,0.9536622797450889,0.921163606004327
84,0.9487226404910984,0.9197518179429793,0.9247063734718575,0.9233634882653454,0.9192683093594383,0.9531876980328413,0.920572102150674
85,0.9480686706326764,0.9189711868791809,0.9240016355147638,0.9227648794192272,0.918408377195279,0.9526918711794675,0.9197068078113447
86,0.9473338938028951,0.9182745837793103,0.9231784001345568,0.9221408797512527,0.9177419916879281,0.9520557950174974,0.9191351903916696
87,0.9465526580863283,0.9176861878542153,0.9223675077922591,0.9215417854866726,0.9170331426346794,0.9514380516648201,0.9185084549035015
88,0.9459328256336903,0.9171142558822855,0.9214713350697131,0.9209945226030474,0.9162582327322052,0.9508341394598298,0.9179712745032991
89,0.9453474962789953,0.9164766316364504,0.9207810848893947,0.9204476588606417,0.9155415210636215,0.9504847436413746,0.9171852590637949
90,0.9447161622547624,0.9155939864538364,0.9201099288458615,0.919951579813265,0.9147937284318556,0.9501344624446211,0.9165798468153643
91,0.9440406124707643,0.9149219680649178,0.9194218136521234,0.9193163953683109,0.9141253690031818,0.9495708455893657,0.9159854104760227
92,0.9434300438705744,0.9143873672276417,0.9186464691310997,0.9186846029355312,0.9134997057302765,0.9490234356060218,0.9154286880071519
93,0.9427847371338104,0.9139556594389466,0.9177547871291533,0.918081063999883,0.9128476114962147,0.9485659018025342,0.9147140716393257
94,0.9421441141092863,0.9135280984913993,0.917191678575355,0.9176331207874228,0.9121015492306573,0.9478857401876061,0.9144024456769273
95,0.9415129237654143,0.9127919554054567,0.9164838179105209,0.9171505622971641,0.9113853880080376,0.947396737738285,0.9136725217634865
96,0.9408325343803638,0.9121642520142266,0.9156655013595137,0.9165452822133644,0.9108764965653922,0.9469021202798505,0.9132096960391304
97,0.9401229577823141,0.9113925393142633,0.9148930070892402,0.9157991840151561,0.910044363882147,0.9463752559371892,0.9125822093113243
98,0.9393579663464823,0.9108301716855695,0.9142602210798513,0.9151295943592936,0.9094761355768027,0.9458700760841995,0.9118936979158372
99,0.9387260167599959,0.9101466792140741,0.9137477697056191,0.9145180446802423,0.9088407541426395,0.9455200965217962,0.9111863503927017
100,0.9379744965702719,0.9096058813892696,0.913052929062909,0.9138438731653161,0.9083216976603893,0.9450910170773108,0.9105452615899036
101,0.937240673949928,0.9089592599992038,0.9122084886159072,0.9132744145803815,0.9074740543805223,0.9446945086705502,0.9100496242017162
102,0.9364147897817546,0.9083224033677186,0.9116378393192512,0.9127547860435514,0.9068204497286672,0.9440874589809016,0.9093815103193034
103,0.9359089086173533,0.9077081683208921,0.9108416768764327,0.9123284745770235,0.9059670092768335,0.943606112070839,0.9087283991301354
104,0.9352153300372038,0.9071718998894865,0.9100212662136596,0.9119870063250975,0.9052952682962526,0.9431862141122384,0.9079986969040548
105,0.9346024150704622,0.9064429398828551,0.9092572852317452,0.9113991081825624,0.9047222864819499,0.9427287048418388,0.9071957386740405
106,0.9340662880111403,0.905652275994942,0.9085329251149435,0.9106905231550934,0.9041554891839945,0.9421620847080412,0.9064645627932206
107,0.9334204965399793,0.9050860721233573,0.9077419920934731,0.9100654080753797,0.9034378399740604,0.9417465523618451,0.9058332325423659
108,0.9328621011377864,0.9044085360869557,0.9070346263991216,0.90935316979425,0.9027885200783667,0.9413836363547,0.9052550494009637
109,0.9321748022789287,0.9036563946752145,0.9062590083315161,0.9087478267517111,0.9023011778319789,0.9408776751266821,0.9048217274000301
110,0.9314287613867158,0.9030388792946038,0.9057009037560935,0.908223499734045,0.9018506905108321,0.9406774062410119,0.9041376572377601
111,0.9307185500603239,0.9022973434788647,0.9049867089495678,0.9076781706950999,0.901176349935925,0.9401143813984496,0.9035414092731435
112,0.9300617614838432,0.901659154288147,0.9042201758698544,0.9071133529915729,0.9005529188492445,0.9397382040388502,0.9031494301851152
113,0.9294026917611423,0.9009912930337404,0.9037416853253959,0.9066436444347747,0.8999260192259748,0.9393320205731409,0.902658861172376
114,0.9287902608197214,0.9005087149713294,0.9030812984310231,0.9060990202275999,0.899454031470161,0.9389321527857694,0.9023527980929915
115,0.9281665632995604,0.8998867019538235,0.902384232050721,0.9054302708207141,0.8989790292713165,0.9385635915898687,0.9017880369018455
116,0.927504939397455,0.8992590805092986,0.9019614614755391,0.9049564729258518,0.898361942819425,0.9380635929324614,0.9011537573535096
117,0.9270294896784571,0.8986048542022699,0.9013158413702779,0.9043852010905581,0.897920754484259,0.9374620992099388,0.9003418291543338
118,0.9264005070717651,0.8979684827503616,0.9008285697126587,0.9037343974263063,0.8972935508060418,0.9369940853105063,0.8996994214129829
119,0.9257850794182892,0.8974634185649047,0.9001636793197492,0.9031291395216833,0.896644544766422,0.9364580500714317,0.8991202932444602
120,0.9251206231503788,0.8968942504360962,0.8995774346900532,0.9025738377353905,0.8960492924767886,0.9360321836255104,0.8984647494950089
121,0.9244939300763504,0.8960854153141259,0.8989465434005831,0.9019750435532887,0.8952952474491905,0.9355052784516659,0.8980184553175512
122,0.9239296753799396,0.8953737915577787,0.898157560163365,0.9014082912401523,0.8945953957892004,0.9350372223959573,0.8973488952605718
123,0.9231791879420274,0.8947065531293044,0.8975231082075019,0.9007920607302117,0.8939819045218216,0.9344779007465339,0.8968860205896273
124,0.9224686750332228,0.8939389120202956,0.8968386345730911,0.9002602325731371,0.893317359144127,0.9338927482454092,0.8962054221114929
125,0.9219360088859551,0.8933144042623735,0.8960615897535589,0.8998064236701483,0.8928418143026602,0.9333499201122546,0.8956915187645723
126,0.9213904758248468,0.8928333590569385,0.8954196200501284,0.8993313830129868,0.892208697678733,0.9330222200493279,0.8954222282151579
127,0.9209188243584356,0.8924737661788055,0.8947165219308575,0.8988782982871453,0.8916284686149485,0.9325237661168854,0.894830848359497
128,0.9203980215758527,0.8919625970206562,0.893947462627378,0.8984309392014413,0.8909796391754332,0.932112635866638,0.8942953187940592
129,0.9198922951717774,0.8915538881639198,0.893170889599319,0.8980007805123796,0.8904159162412894,0.9315938220815777,0.8936187112869421
130,0.9192841764926744,0.8909045655490805,0.8923671623883361,0.8974111498564072,0.8898560226297241,0.9311463950978042,0.8928454986767494
131,0.918746496978988,0.8900085037786869,0.891762286825898,0.8967230290764551,0.8892673435021557,0.9307532212442482,0.8921855314076084
132,0.9180839687446761,0.8893227821799432,0.8909957981807218,0.8961562314096314,0.8885268577239152,0.9302492450761092,0.8915349382338805
133,0.9175876899521512,0.8887428719371158,0.8903932198839323,0.8956539133795195,0.887758482263744,0.929921791627692,0.8907335325233301
134,0.9171001056515331,0.8881944301562343,0.8898647920193787,0.8953483098933308,0.887079723354232,0.9295912665536915,0.890018616719661
135,0.9165066002677474,0.8874484419398438,0.8893856594867983,0.8948021216721963,0.8863933921515403,0.9291957817374237,0.8895818391424548
136,0.916024838902451,0.8868954606083416,0.8887614690212534,0.8942642088200065,0.8857564279071118,0.9287269692153717,0.8891291316448517
137,0.9155046370178498,0.8861895887800806,0.8879485482093399,0.8936599421813987,0.885207492963314,0.9283082763573957,0.8885179381772196
138,0.9149516856586797,0.8854585877825178,0.8874353020320426,0.8930306344054145,0.8845287062117821,0.9276699567518536,0.8879578381071352
139,0.9144576666166911,0.8847226640245989,0.8867221152230703,0.8924429764119478,0.8838960717823625,0.9273411918560787,0.8874893405297399
140,0.9136962730295534,0.8842425574123096,0.8859865246730296,0.8920227915391631,0.8830974031209572,0.9269770995186887,0.8868856738782722
141,0.9133185878239931,0.8835197612587933,0.8853606878173366,0.8915461785963221,0.8824161334622037,0.9264664286442852,0.8863482499005776
142,0.912662958847547,0.8830984075728604,0.8846261201116075,0.8910130510354896,0.8818398602898511,0.9260471204728996,0.8857503144013564
143,0.9119937079443893,0.8826812980530038,0.8838569401589884,0.8904668996645135,0.8812956298041069,0.9255404459492953,0.8852025292091317
144,0.9114009103713084,0.8822065568151053,0.8829478328562914,0.8900879171495679,0.8808543287230823,0.9250409527189405,0.8846536059963894
145,0.9108479112551563,0.881761323622309,0.8821622809869268,0.8894654652398177,0.8802925488391034,0.9245630640761251,0.8841144898338532
146,0.9103417785678488,0.8812970825478786,0.8815483161843674,0.8889692046945654,0.8797770915893233,0.9240004549385422,0.8838034511996845
147,0.9098046963004882,0.8805936763699436,0.880759211818579,0.8883350716465613,0.8793424574757137,0.9236502725314212,0.883134080582516
148,0.9092368647130449,0.8801794185274214,0.8802349383681843,0.8877586265518085,0.8788673786233653,0.9233440454676425,0.8824226680269744
149,0.9087750375471899,0.8796998137038126,0.8796590352815008,0.8872572037808251,0.8783692963604203,0.922973495042407,0.881975024928773
150,0.9082094423113415,0.8791774513781792,0.8790735066998104,0.8867845298373387,0.8780629365335418,0.9224616159539247,0.8813719419000908
151,0.9077005794836331,0.8784751917142944,0.878508020336068,0.8864321833122515,0.87753139540896,0.9220470892740644,0.8807974411544336
152,0.9071337276914282,0.8779182012746017,0.8778982706650504,0.8860203201418131,0.8770524338964147,0.9215510940192011,0.8802578891400742
153,0.9066367937058104,0.8773245673955792,0.877192155756807,0.8855192755542198,0.8762880508368911,0.921099505377498,0.8798429266766236
154,0.9061126583682196,0.8768959557192287,0.8764966427296373,0.8849009488523784,0.8755840385558188,0.920728907178827,0.8792395545616533
155,0.9055687873091485,0.8764377123145457,0.8757407477907346,0.8844070141604807,0.8749091688575519,0.9202042318546656,0.8787257393211949
156,0.9049605241624589,0.8760719484741897,0.8753014317559511,0.883981841744183,0.8742140118751668,0.9199006120063442,0.8782340393763114
157,0.9044142466443469,0.8756548812879515,0.8747535253252473,0.8833834990932322,0.8736693339638196,0.9194778497128678,0.8777261698352091
158,0.9038893107176219,0.8749720162537754,0.8742273506088926,0.8828327630992142,0.8730795242951456,0.9191023302572289,0.877213259742852
159,0.903372390748502,0.8744345162935651,0.8734025537863056,0.8823453042138655,0.872672527372232,0.9185920395347633,0.8766943262931485
160,0.902882466418078,0.8736863325267182,0.8726204934372919,0.8817869329784045,0.8721649105298604,0.9181200137604942,0.876063054756277
161,0.9024286476321121,0.8730374513135416,0.8720404278583298,0.8812321021558112,0.871433962829146,0.91760160925355,0.8754738517582814
162,0.9018731842421702,0.8725266996316592,0.8712549687964948,0.8805706173719627,0.8708248702670085,0.9172561100781511,0.8748463045326864
163,0.9012983896647775,0.8720151765515474,0.8705865181107383,0.8800617829117497,0.8700650528692686,0.9169918005388308,0.8746472227979871
164,0.9007395185568127,0.8715976039253343,0.8697262888916293,0.8795190116318297,0.8696313409908873,0.9164415515038924,0.8743267091578297
165,0.9002607428623683,0.8710323791616547,0.8689452081982946,0.8790800932911331,0.8691565367769835,0.9160179408149312,0.8739456694631713
166,0.8997198714400902,0.8706600572145099,0.8683221717373707,0.8787086789434386,0.8685994406899817,0.915637027976152,0.8732387521002054
167,0.8992943075740849,0.870099697813372,0.867815142352617,0.8783917055840917,0.867983985231427,0.9153093646553159,0.8726417906880196
168,0.89886067476185,0.8696595884567686,0.8673211185780015,0.8778199353012583,0.8675185388975684,0.9149188483492033,0.8722480440934218
169,0.8983335712627764,0.8689843193172683,0.866823975352748,0.877256123309902,0.8667409680911252,0.914436747617466,0.8717013617807148
170,0.8976692102733324,0.8684030241312869,0.8661802131655956,0.8766385057960688,0.8663298261161448,0.914103718565143,0.8710430864891824
171,0.8971991674877429,0.8678917429162986,0.8654943697955259,0.8759474708671038,0.8659152361391341,0.9136996145564918,0.8702997269946384
172,0.8966635149725188,0.8671421243444388,0.8648516051733566,0.8753143064816233,0.8655123572085821,0.9132210242267476,0.8696853188303885
173,0.896219892201884,0.866506457396665,0.8642051825260622,0.874658805739157,0.8648011606414938,0.9126746886834168,0.8690586461383364
174,0.895856518270546,0.866091679556192,0.8635514693319243,0.8740795057952179,0.863872310510483,0.9121953208406366,0.8684852112943866
175,0.8953930419554562,0.8655440340044755,0.8627962212799029,0.8735081159835181,0.8631631425724383,0.9117585849428781,0.8680232738751804
176,0.8948105990635099,0.8650057323739999,0.8619302553931859,0.872924049129989,0.8625437455728047,0.911254575691104,0.8674323717098199
177,0.8941986734958979,0.8644663313618435,0.8610712825332754,0.8724984528475335,0.861862585443917,0.9108889542688153,0.8669528302000125
178,0.8936032042907626,0.8639613733907671,0.8604094162577608,0.8720303272403044,0.8613533984096319,0.9105336345168664,0.8662050490211652
179,0.8929753726309329,0.8633131752752966,0.8597164060409871,0.8715819866646606,0.8608851318891654,0.9102495008395607,0.8656442778487909
180,0.8923376703786374,0.8627947939351692,0.8590181973480586,0.8710449280840358,0.8603766498891916,0.9100294427564046,0.865147155440438
181,0.8916454661802474,0.8624181552781606,0.8584497449553585,0.8705930461292314,0.8599896282488825,0.9096778301940659,0.8647414004288946
182,0.89118201173279,0.861672502019026,0.8578524625170875,0.8702468851918104,0.8596910672331641,0.9092284524725158,0.8642807226283732
183,0.890632384297099,0.8612104557727808,0.8572891286827697,0.869717727871619,0.8593689193817599,0.9088010348276038,0.8638556683173664
184,0.8902476894255278,0.8607108839418167,0.8567578340142781,0.8692239431992365,0.8588070297403037,0.9083545924121252,0.8633806063599384
185,0.889668882777474,0.8600300675397781,0.856118304373457,0.8688305936231482,0.8582108290812365,0.907879900060528,0.8628898558057826
186,0.8890837591681339,0.8593465458376672,0.8554258887282943,0.8681897355785534,0.8577010146082938,0.9073752129701423,0.8622100880133143
187,0.8885603190917482,0.8587221424389183,0.8547133809549604,0.8677004200667325,0.8570732525786876,0.9070516070142035,0.8617692204699132
188,0.888091551511853,0.8582722720950714,0.8540072877143549,0.8671764351144262,0.856607307842108,0.9065257426487957,0.861264869056544
189,0.8875312082208007,0.8576144020728377,0.8531912954296605,0.8667902435145273,0.85618424033213,0.9061255861287602,0.860777077017606
190,0.8869754430664346,0.8571521521030009,0.8522689829350716,0.8663217531318147,0.8556520813528407,0.9057420535418712,0.860231975739451
191,0.8863723283377939,0.8564605482683703,0.8515494107490327,0.8657662913317151,0.8550715983595988,0.9054754421478727,0.8595731418823314
192,0.8859072872185004,0.855965026923085,0.8507792627215197,0.8652840497806618,0.8546191315501697,0.9050915236832165,0.8590449756476973
193,0.8853053276333356,0.8556956764502047,0.8500866825834773,0.864736180389365,0.8537985430282845,0.9046798932758702,0.8586107103981433
194,0.8848564373815084,0.8552416601566576,0.849410864479704,0.8641262650338789,0.8531806121984847,0.9042057127959215,0.858165574719384
195,0.8844145891973153,0.854711369614239,0.8488314972473154,0.8636350068854648,0.8526408425312885,0.9038428007883048,0.8575150792936855
196,0.883843412530434,0.8540801142049681,0.8481937073309976,0.8630336321830409,0.8520654790964409,0.9034416301646794,0.8570503579923267
197,0.883299819251356,0.8535149186778297,0.8475548242723264,0.8622593444324453,0.851542942772981,0.9031266388984496,0.8564440359043003
198,0.8826728778692026,0.8531344000528062,0.8468444099427255,0.8617822848885854,0.8510549194488368,0.9027921071228783,0.8559228141525529
199,0.8821264395143413,0.8526324694116012,0.8461751183543756,0.8612556408366743,0.8504278113754771,0.902331137636052,0.8553010001468361
200,0.8816426676153528,0.8519302820292433,0.8455081740815533,0.860728698897828,0.8500018709813021,0.9018453000261362,0.8547626620603862
201,0.8810786997599327,0.8515039825289004,0.8450038114334151,0.8601394194417321,0.8496187675035515,0.9013648967483565,0.8541135824467494
